id,modelo,anio,precio,kilometraje,transmision,fecha_venta
1,Picanto,2021,79334,118464,Manual,2024-01-22
2,Gol,2017,98648,23682,Automática,2024-12-26
3,Onix,2018,52054,68160,Automática,2024-03-28
4,Onix,2020,100028,33666,Manual,2024-06-01
5,Stepway,2012,52207,68817,Manual,2024-05-04
6,Gol,2022,110650,101198,Manual,2024-03-19
7,Stepway,2018,111554,51830,Manual,2024-12-11
8,Gol,2019,51386,20234,Automática,2024-02-20
9,208,2014,113276,67616,Automática,2024-08-03
10,Picanto,2015,89518,19221,Automática,2024-06-24
11,208,2021,82781,11051,Manual,2024-12-23
12,Civic,2017,82780,120529,Automática,2024-09-09
13,Versa,2021,91440,86918,Manual,2024-09-02
14,3 Touring,2018,74199,88116,Manual,2024-08-14
15,Gol,2015,91035,132226,Manual,2024-04-15
16,Civic,2019,38210,54757,Manual,2024-07-11
17,Versa,2016,74363,131008,Automática,2024-11-11
18,i20,2012,108279,141379,Manual,2024-10-28
19,Picanto,2015,90348,66889,Manual,2024-02-05
20,Stepway,2014,85284,45944,Manual,2024-07-22
21,Stepway,2020,102124,109555,Manual,2024-09-23
22,208,2019,98847,48134,Manual,2024-09-24
23,Onix,2012,52432,35954,Manual,2024-06-18
24,Versa,2022,94089,99959,Automática,2024-02-08
25,i20,2017,85398,14992,Manual,2024-05-18
26,Civic,2020,33321,11961,Manual,2024-10-18
27,Picanto,2018,111348,22497,Manual,2024-02-21
28,Versa,2015,67383,23255,Automática,2024-10-13
29,i20,2012,108682,145639,Manual,2024-10-15
30,3 Touring,2013,109190,58847,Manual,2024-05-20
31,Gol,2016,82893,30389,Manual,2024-05-25
32,Stepway,2022,65820,133802,Manual,2024-11-09
33,Civic,2016,96262,71576,Manual,2024-07-02
34,Stepway,2019,33760,53919,Automática,2024-05-31
35,Civic,2017,52190,13358,Automática,2024-07-19
36,208,2019,97411,98535,Manual,2024-05-07
37,Onix,2013,53377,115982,Automática,2024-10-13
38,Civic,2014,76737,15698,Automática,2024-11-06
39,Stepway,2017,99569,76809,Manual,2024-09-09
40,208,2021,68211,103079,Manual,2024-09-22
41,Civic,2014,112909,65805,Manual,2024-07-06
42,3 Touring,2017,33744,85033,Manual,2024-08-17
43,Onix,2017,54995,108239,Automática,2024-09-27
44,Civic,2013,46977,140407,Automática,2024-09-15
45,208,2018,64542,54041,Automática,2024-10-25
46,Versa,2013,40651,41954,Automática,2024-07-16
47,Corolla,2017,108931,18002,Manual,2024-11-18
48,i20,2012,46715,79783,Manual,2024-02-25
49,Corolla,2014,74409,117524,Automática,2024-11-14
50,Corolla,2013,54306,134857,Manual,2024-07-21
51,Picanto,2018,49086,29738,Automática,2024-09-27
52,3 Touring,2015,44376,20703,Automática,2024-04-18
53,Versa,2019,91350,123776,Automática,2024-04-25
54,Gol,2017,101425,54724,Automática,2024-04-01
55,Civic,2021,66636,42299,Manual,2024-05-17
56,i20,2015,116120,25641,Automática,2024-10-29
57,Onix,2016,81649,89534,Automática,2024-02-26
58,Versa,2020,64610,16305,Manual,2024-02-19
59,Stepway,2018,40058,28782,Automática,2024-03-11
60,Gol,2021,104637,88257,Manual,2024-03-22
61,Picanto,2020,108033,87963,Automática,2024-04-14
62,Picanto,2018,100194,131987,Manual,2024-03-28
63,Versa,2012,106917,134591,Manual,2024-01-02
64,208,2019,94200,77766,Manual,2024-12-25
65,Corolla,2015,76619,16511,Automática,2024-03-24
66,Stepway,2014,47154,124816,Manual,2024-02-12
67,Picanto,2018,49539,14765,Manual,2024-06-02
68,i20,2014,90058,33929,Manual,2024-11-22
69,Picanto,2019,92068,121576,Automática,2024-04-03
70,Onix,2017,107313,81088,Manual,2024-10-24
71,Civic,2016,60373,87525,Manual,2024-05-12
72,Picanto,2015,63154,23780,Automática,2024-03-05
73,Onix,2019,36031,16589,Manual,2024-10-16
74,Versa,2019,101975,103664,Automática,2024-09-13
75,Versa,2012,52785,114188,Manual,2024-07-31
76,Gol,2020,108928,103326,Automática,2024-05-27
77,Picanto,2016,58669,50953,Manual,2024-03-01
78,i20,2015,32282,75785,Manual,2024-05-28
79,Picanto,2017,64624,29309,Automática,2024-03-28
80,i20,2017,78438,64195,Manual,2024-11-19
81,3 Touring,2013,119900,35901,Automática,2024-10-04
82,Gol,2019,97534,35464,Manual,2024-03-22
83,3 Touring,2018,61705,26260,Manual,2024-05-08
84,Picanto,2012,68244,134997,Manual,2024-10-12
85,Gol,2016,104964,45440,Automática,2024-12-18
86,3 Touring,2017,67437,105082,Manual,2024-10-06
87,Corolla,2015,107872,115583,Manual,2024-09-26
88,Picanto,2013,104878,66683,Manual,2024-10-18
89,3 Touring,2015,102982,134206,Manual,2024-07-21
90,Corolla,2012,80583,143059,Manual,2024-01-24
91,Corolla,2018,68392,88484,Automática,2024-12-16
92,Versa,2013,37461,78309,Manual,2024-11-06
93,Picanto,2013,40516,55927,Automática,2024-07-26
94,Corolla,2020,109285,52946,Manual,2024-10-06
95,Versa,2016,47514,136503,Automática,2024-07-23
96,3 Touring,2013,66268,63592,Automática,2024-05-31
97,Onix,2022,66788,148419,Manual,2024-01-26
98,Picanto,2020,105749,43776,Automática,2024-07-12
99,Gol,2020,91049,144855,Manual,2024-12-01
100,i20,2012,92493,65798,Automática,2024-08-25
101,i20,2022,66027,145370,Automática,2024-11-16
102,3 Touring,2014,72849,80204,Manual,2024-03-15
103,208,2015,47858,96207,Manual,2024-06-11
104,208,2018,114162,110356,Manual,2024-10-25
105,3 Touring,2021,109003,70652,Manual,2024-01-29
106,Corolla,2015,82395,139572,Manual,2024-06-13
107,Picanto,2013,69758,30922,Manual,2024-12-02
108,i20,2018,84312,86996,Manual,2024-07-04
109,i20,2017,98670,40266,Automática,2024-02-23
110,Corolla,2014,112279,12866,Manual,2024-10-21
111,i20,2017,45434,122669,Manual,2024-02-11
112,Gol,2022,94047,15898,Automática,2024-10-11
113,Picanto,2017,77775,28395,Manual,2024-05-17
114,Civic,2016,105769,14006,Manual,2024-07-05
115,i20,2015,96677,20956,Manual,2024-07-22
116,3 Touring,2021,113555,147150,Automática,2024-02-11
117,Gol,2012,115920,105676,Automática,2024-12-15
118,i20,2021,75734,131724,Manual,2024-10-14
119,Gol,2017,118503,72901,Automática,2024-01-26
120,Versa,2013,70603,117227,Manual,2024-02-25
121,Civic,2014,106708,127192,Automática,2024-09-09
122,Stepway,2019,111926,41417,Automática,2024-05-01
123,3 Touring,2021,98803,98020,Automática,2024-04-15
124,3 Touring,2017,69332,93639,Manual,2024-05-09
125,Picanto,2014,51312,104881,Manual,2024-12-02
126,Gol,2018,114526,142659,Manual,2024-06-06
127,Corolla,2015,74179,131688,Automática,2024-08-18
128,3 Touring,2020,101442,125584,Manual,2024-11-03
129,Gol,2016,70379,96567,Automática,2024-03-31
130,Gol,2014,47297,85886,Automática,2024-01-22
131,Onix,2013,32011,39432,Manual,2024-10-16
132,Onix,2022,74014,82373,Automática,2024-04-19
133,Stepway,2013,41738,30884,Automática,2024-02-18
134,Versa,2014,77498,15454,Automática,2024-05-08
135,Stepway,2013,41120,84960,Automática,2024-03-13
136,i20,2015,38767,112421,Automática,2024-12-05
137,Corolla,2013,52852,53618,Manual,2024-02-22
138,i20,2021,109239,57111,Automática,2024-12-21
139,208,2020,30929,130592,Manual,2024-06-16
140,i20,2013,107487,69993,Automática,2024-02-14
141,Picanto,2020,47438,138652,Automática,2024-04-14
142,i20,2017,78515,149920,Manual,2024-05-29
143,Stepway,2012,35744,88672,Automática,2024-05-25
144,3 Touring,2015,113820,76125,Manual,2024-07-22
145,3 Touring,2012,72417,127509,Manual,2024-12-27
146,Onix,2017,37069,71602,Manual,2024-10-25
147,Corolla,2015,72359,52222,Automática,2024-06-15
148,Corolla,2014,49799,59223,Automática,2024-07-19
149,Picanto,2014,100188,75333,Automática,2024-05-13
150,Stepway,2020,119859,132650,Manual,2024-07-29
151,Onix,2017,37597,59420,Automática,2024-02-17
152,208,2020,77093,85504,Automática,2024-05-05
153,Corolla,2016,67226,12462,Manual,2024-08-26
154,3 Touring,2013,102127,19460,Manual,2024-01-07
155,i20,2019,107362,109319,Manual,2024-09-28
156,i20,2016,56417,139593,Automática,2024-02-06
157,Onix,2013,48693,132672,Automática,2024-07-29
158,Stepway,2015,109674,82920,Automática,2024-06-13
159,Stepway,2020,83161,32553,Manual,2024-05-04
160,Versa,2015,32169,54036,Automática,2024-12-02
161,Civic,2015,114092,80021,Manual,2024-07-10
162,Corolla,2013,52052,117205,Manual,2024-08-05
163,Stepway,2017,101849,98209,Automática,2024-08-01
164,3 Touring,2022,103851,85139,Manual,2024-03-02
165,Onix,2013,38036,15368,Automática,2024-11-23
166,208,2018,61778,145693,Manual,2024-06-09
167,Versa,2014,57734,68829,Automática,2024-03-06
168,Gol,2014,53173,139036,Manual,2024-10-12
169,Picanto,2016,60403,24719,Manual,2024-08-26
170,208,2014,96321,39227,Manual,2024-01-20
171,Gol,2013,101675,119430,Manual,2024-07-06
172,i20,2021,36344,148638,Automática,2024-03-22
173,Picanto,2020,48800,22306,Manual,2024-12-28
174,Corolla,2013,55372,63822,Automática,2024-07-20
175,3 Touring,2022,91516,34042,Automática,2024-05-11
176,Picanto,2013,50538,99424,Manual,2024-02-06
177,Civic,2019,93918,28019,Manual,2024-05-11
178,Gol,2020,44973,85426,Automática,2024-03-17
179,Corolla,2018,101155,50863,Automática,2024-03-29
180,Civic,2014,89500,121023,Automática,2024-09-09
181,i20,2020,66575,56999,Manual,2024-12-09
182,Civic,2014,72261,72780,Automática,2024-07-12
183,Versa,2016,57716,32908,Manual,2024-06-24
184,Versa,2020,33236,136278,Automática,2024-02-02
185,Onix,2014,45848,123002,Automática,2024-02-27
186,208,2018,32352,110706,Manual,2024-07-19
187,208,2012,31932,132019,Manual,2024-01-28
188,Corolla,2015,106449,119708,Manual,2024-02-04
189,i20,2015,38556,19343,Manual,2024-05-04
190,Stepway,2018,116836,86173,Automática,2024-11-16
191,Versa,2019,35498,110260,Manual,2024-02-11
192,Corolla,2012,106118,79443,Manual,2024-03-25
193,Stepway,2016,80098,67530,Manual,2024-07-06
194,208,2018,94386,145899,Automática,2024-04-20
195,Onix,2015,39569,106143,Automática,2024-09-27
196,Civic,2015,86882,124527,Manual,2024-11-20
197,Versa,2015,100393,146385,Manual,2024-04-14
198,Corolla,2017,30340,121362,Automática,2024-11-15
199,Picanto,2018,73949,38807,Automática,2024-02-10
200,Stepway,2013,112302,69550,Manual,2024-08-02
201,Civic,2016,92443,13558,Manual,2024-03-11
202,Versa,2015,104027,60113,Manual,2024-02-25
203,208,2014,30138,62999,Manual,2024-08-23
204,i20,2018,30358,68219,Manual,2024-10-07
205,Stepway,2022,105250,63218,Automática,2024-04-14
206,208,2017,115376,29229,Manual,2024-06-10
207,Versa,2018,60654,85209,Automática,2024-07-09
208,Stepway,2016,55879,37877,Manual,2024-01-09
209,Civic,2017,111532,107137,Automática,2024-02-29
210,Versa,2016,85778,48084,Automática,2024-10-31
211,Gol,2018,67772,91780,Manual,2024-08-12
212,Corolla,2013,88478,47034,Manual,2024-11-02
213,Civic,2022,94353,65468,Automática,2024-07-06
214,Stepway,2016,56762,20589,Manual,2024-03-10
215,i20,2017,43283,67221,Manual,2024-10-19
216,208,2017,93922,11657,Manual,2024-10-13
217,Picanto,2016,69420,108300,Automática,2024-06-17
218,208,2021,85568,127229,Manual,2024-03-02
219,Stepway,2018,115090,49531,Automática,2024-12-14
220,208,2021,50219,62227,Manual,2024-01-14
221,Corolla,2019,87169,13164,Automática,2024-06-12
222,Versa,2018,104965,103078,Manual,2024-09-01
223,Picanto,2016,76840,51247,Automática,2024-11-30
224,3 Touring,2012,74695,60599,Manual,2024-01-08
225,Stepway,2016,114754,145624,Automática,2024-06-02
226,Onix,2021,107988,78207,Automática,2024-02-05
227,3 Touring,2013,88342,82055,Manual,2024-02-17
228,208,2016,48951,112266,Manual,2024-03-25
229,Stepway,2016,31307,88270,Manual,2024-01-28
230,Gol,2013,110388,121426,Manual,2024-07-14
231,Onix,2016,65428,144794,Automática,2024-07-26
232,Picanto,2015,105774,80442,Manual,2024-07-22
233,i20,2012,68975,105632,Manual,2024-11-02
234,Gol,2014,31140,31438,Automática,2024-04-13
235,3 Touring,2012,54842,68819,Manual,2024-08-17
236,Versa,2022,56421,53856,Manual,2024-04-10
237,Corolla,2016,31708,51938,Manual,2024-01-29
238,i20,2015,33630,69807,Automática,2024-05-06
239,Gol,2018,49595,59877,Automática,2024-12-03
240,Versa,2016,106021,53461,Automática,2024-01-10
241,Versa,2021,58308,103474,Manual,2024-04-15
242,Stepway,2015,74789,93136,Automática,2024-06-15
243,Gol,2013,85690,30435,Manual,2024-09-13
244,Picanto,2015,56086,94726,Manual,2024-10-21
245,208,2013,46859,64786,Manual,2024-10-03
246,Onix,2019,37684,23704,Manual,2024-03-05
247,Onix,2014,31207,66635,Manual,2024-09-27
248,3 Touring,2020,76099,143195,Manual,2024-07-06
249,3 Touring,2015,97496,100710,Manual,2024-11-12
250,Onix,2017,96093,72993,Manual,2024-05-17
251,Picanto,2021,59689,122752,Automática,2024-12-08
252,Corolla,2016,78651,142886,Manual,2024-04-14
253,Civic,2021,43893,88537,Automática,2024-02-03
254,208,2012,96418,60258,Manual,2024-04-19
255,Corolla,2020,90011,95166,Automática,2024-02-02
256,Stepway,2012,68635,123710,Manual,2024-12-19
257,Civic,2019,86115,45699,Manual,2024-08-18
258,Civic,2020,108405,56335,Manual,2024-11-12
259,Gol,2020,102702,56806,Automática,2024-09-22
260,Picanto,2012,108518,87853,Automática,2024-06-30
261,Picanto,2013,102805,45739,Manual,2024-12-05
262,Civic,2012,88954,44785,Manual,2024-03-05
263,Gol,2021,58064,95016,Automática,2024-11-28
264,208,2013,109063,142681,Automática,2024-01-01
265,Civic,2021,32454,76253,Manual,2024-05-12
266,i20,2019,50878,101128,Manual,2024-03-20
267,3 Touring,2016,81098,137581,Manual,2024-09-27
268,3 Touring,2022,92154,120966,Automática,2024-08-28
269,Corolla,2018,42991,147854,Manual,2024-01-28
270,Stepway,2013,98344,109352,Automática,2024-08-10
271,3 Touring,2019,66593,87154,Manual,2024-01-23
272,Versa,2022,66304,149379,Manual,2024-04-18
273,Corolla,2017,60386,118297,Manual,2024-04-16
274,3 Touring,2019,85220,48346,Automática,2024-05-24
275,Stepway,2012,99338,122138,Automática,2024-12-19
276,Picanto,2012,51083,60772,Manual,2024-05-18
277,Picanto,2018,48354,50149,Automática,2024-10-10
278,208,2019,52190,96700,Manual,2024-10-24
279,Civic,2014,36142,106758,Manual,2024-04-08
280,i20,2016,58398,138447,Manual,2024-11-12
281,Picanto,2012,81971,15695,Manual,2024-05-02
282,Gol,2018,71862,49169,Manual,2024-11-15
283,3 Touring,2016,83410,57947,Automática,2024-10-13
284,Gol,2019,49503,55865,Manual,2024-03-21
285,Stepway,2019,78456,114501,Automática,2024-01-10
286,Picanto,2020,112035,70410,Manual,2024-01-08
287,i20,2018,38016,113754,Automática,2024-07-23
288,Stepway,2022,32384,100895,Manual,2024-11-10
289,Versa,2012,92320,60705,Manual,2024-07-15
290,Versa,2014,45072,125700,Manual,2024-07-16
291,Gol,2019,110018,83914,Manual,2024-01-30
292,Civic,2014,70510,11881,Automática,2024-01-20
293,Corolla,2019,78933,57365,Manual,2024-02-17
294,Civic,2012,51826,89211,Automática,2024-05-09
295,208,2016,98026,51198,Manual,2024-10-19
296,Civic,2015,55518,110649,Manual,2024-05-11
297,208,2016,54045,146949,Manual,2024-12-21
298,208,2019,80876,49553,Automática,2024-02-23
299,i20,2021,81919,145994,Automática,2024-10-07
300,Picanto,2015,57103,132778,Manual,2024-09-21
301,i20,2022,66188,127018,Manual,2024-08-02
302,208,2015,35845,145758,Manual,2024-10-16
303,Stepway,2014,116698,42766,Automática,2024-02-12
304,Versa,2018,66674,42006,Automática,2024-03-14
305,208,2014,49337,41422,Manual,2024-12-15
306,i20,2014,52313,126590,Manual,2024-10-04
307,Stepway,2022,56943,22205,Manual,2024-11-21
308,i20,2021,107949,126477,Automática,2024-08-29
309,Civic,2016,30276,38202,Manual,2024-05-09
310,3 Touring,2016,81151,71692,Automática,2024-12-15
311,Gol,2017,47611,30855,Manual,2024-07-12
312,Corolla,2019,41944,35095,Automática,2024-02-01
313,i20,2021,82887,59241,Automática,2024-04-15
314,Corolla,2017,111442,113119,Automática,2024-07-22
315,Onix,2012,79847,62003,Automática,2024-01-01
316,i20,2019,88653,104837,Automática,2024-09-01
317,3 Touring,2019,116072,104283,Manual,2024-03-12
318,Corolla,2020,86622,133805,Manual,2024-11-01
319,208,2020,57810,103846,Manual,2024-01-15
320,i20,2013,107842,32927,Automática,2024-02-22
321,Picanto,2013,40503,130589,Manual,2024-01-08
322,Gol,2014,114761,125657,Automática,2024-11-25
323,3 Touring,2012,66976,76630,Automática,2024-02-15
324,Corolla,2015,41590,114428,Manual,2024-11-20
325,3 Touring,2015,40886,132035,Manual,2024-04-23
326,Stepway,2020,42866,136244,Manual,2024-05-26
327,Gol,2020,96624,79518,Manual,2024-06-14
328,208,2020,98899,91326,Manual,2024-05-18
329,i20,2021,62792,130243,Manual,2024-04-26
330,i20,2018,39764,22748,Automática,2024-10-25
331,i20,2013,116156,144164,Automática,2024-10-02
332,Gol,2021,72727,63311,Manual,2024-10-03
333,Picanto,2016,108471,32692,Manual,2024-12-03
334,Onix,2015,38068,134954,Manual,2024-11-08
335,Versa,2022,37295,140035,Automática,2024-06-26
336,Civic,2019,71160,89507,Automática,2024-11-25
337,Corolla,2013,41390,90152,Manual,2024-12-19
338,Picanto,2017,50131,14926,Manual,2024-06-02
339,208,2016,105969,13969,Automática,2024-07-19
340,Corolla,2013,45038,45733,Automática,2024-12-31
341,i20,2022,82327,79855,Manual,2024-04-24
342,3 Touring,2021,107064,51743,Automática,2024-06-07
343,208,2012,51281,140193,Manual,2024-02-11
344,Corolla,2019,84189,117445,Manual,2024-09-03
345,i20,2013,78511,30323,Automática,2024-03-08
346,Corolla,2018,38605,26428,Automática,2024-11-21
347,3 Touring,2020,31381,44578,Manual,2024-11-29
348,i20,2020,96634,96486,Automática,2024-07-14
349,Onix,2019,49810,74140,Manual,2024-03-30
350,Picanto,2022,54322,117325,Automática,2024-04-20
351,Stepway,2021,71869,93829,Manual,2024-12-24
352,Civic,2020,62955,16364,Automática,2024-05-24
353,Gol,2013,91388,138867,Automática,2024-10-01
354,Civic,2017,40207,141763,Manual,2024-06-27
355,208,2015,117329,105598,Automática,2024-08-28
356,Civic,2015,97628,67062,Automática,2024-11-21
357,i20,2016,58220,98302,Automática,2024-11-14
358,Onix,2014,114050,73928,Manual,2024-11-26
359,Stepway,2012,104085,51347,Automática,2024-06-01
360,Picanto,2019,52031,13121,Automática,2024-04-13
361,Picanto,2016,100721,93793,Manual,2024-03-15
362,3 Touring,2014,110807,38164,Automática,2024-05-07
363,Gol,2021,101312,35491,Manual,2024-07-17
364,Corolla,2018,89766,69222,Manual,2024-06-02
365,Onix,2018,42449,13748,Manual,2024-02-25
366,Corolla,2012,119833,36553,Manual,2024-10-04
367,Stepway,2020,86699,126547,Automática,2024-12-10
368,Civic,2013,111253,70380,Manual,2024-01-19
369,Picanto,2016,76092,54331,Automática,2024-06-07
370,Stepway,2016,93671,130617,Manual,2024-01-26
371,Civic,2019,40350,49560,Manual,2024-06-17
372,Picanto,2019,98487,63865,Manual,2024-01-23
373,Civic,2018,47622,85910,Manual,2024-02-16
374,Gol,2018,100263,145747,Automática,2024-01-13
375,Onix,2022,83117,87986,Automática,2024-08-04
376,208,2017,88394,20068,Automática,2024-11-17
377,Stepway,2017,53782,64460,Manual,2024-07-12
378,Stepway,2022,58454,110766,Manual,2024-05-23
379,Versa,2020,97904,56418,Manual,2024-03-13
380,i20,2017,45592,36206,Manual,2024-06-04
381,Gol,2013,52173,138180,Manual,2024-03-17
382,Gol,2013,63204,10287,Automática,2024-06-17
383,Corolla,2016,65596,32337,Manual,2024-10-13
384,Civic,2015,64324,142233,Automática,2024-03-25
385,i20,2022,91202,110667,Manual,2024-06-30
386,Onix,2013,119400,100071,Manual,2024-11-10
387,Onix,2014,60750,108064,Automática,2024-10-23
388,Gol,2018,106112,116511,Manual,2024-04-21
389,Onix,2019,46566,13178,Automática,2024-08-17
390,Versa,2017,37190,41831,Automática,2024-04-05
391,Stepway,2022,118607,143248,Manual,2024-06-16
392,3 Touring,2016,68333,113306,Automática,2024-06-04
393,208,2012,110905,122025,Manual,2024-04-14
394,Corolla,2019,119571,100417,Manual,2024-07-11
395,Civic,2014,31589,21984,Automática,2024-11-25
396,208,2017,55235,99312,Manual,2024-05-11
397,Civic,2014,30159,93291,Automática,2024-12-20
398,Picanto,2018,42145,17135,Automática,2024-05-17
399,208,2018,110909,10320,Automática,2024-11-26
400,3 Touring,2020,61921,98774,Manual,2024-09-26
401,Gol,2016,46237,108071,Manual,2024-02-07
402,Versa,2019,38244,119863,Automática,2024-02-14
403,Stepway,2021,44743,51777,Manual,2024-06-11
404,Stepway,2021,76101,56250,Manual,2024-11-26
405,Versa,2019,114227,83034,Manual,2024-09-09
406,i20,2012,86378,114940,Manual,2024-06-17
407,Picanto,2016,101126,50130,Manual,2024-10-11
408,Civic,2014,86071,143609,Automática,2024-09-30
409,3 Touring,2012,101121,25216,Automática,2024-01-20
410,Onix,2015,104763,94149,Manual,2024-08-26
411,208,2019,42237,13009,Manual,2024-09-26
412,Picanto,2014,45649,99904,Manual,2024-11-05
413,208,2021,67713,25029,Automática,2024-01-31
414,3 Touring,2013,103463,112171,Manual,2024-11-09
415,Corolla,2022,75409,124456,Automática,2024-04-13
416,Corolla,2020,78766,72559,Manual,2024-06-18
417,Picanto,2021,76154,74892,Automática,2024-07-04
418,Gol,2016,37016,80409,Manual,2024-05-07
419,3 Touring,2018,109563,149707,Automática,2024-07-28
420,3 Touring,2022,78688,43065,Manual,2024-10-07
421,Versa,2022,119678,130544,Automática,2024-09-09
422,Gol,2013,84238,117340,Manual,2024-01-19
423,Civic,2020,88608,43783,Automática,2024-07-18
424,Civic,2020,119081,44152,Automática,2024-08-07
425,Onix,2015,61897,68741,Manual,2024-05-15
426,Stepway,2015,80961,117049,Automática,2024-08-10
427,Corolla,2017,98703,39092,Manual,2024-01-03
428,Civic,2021,74757,96483,Manual,2024-08-23
429,Gol,2021,56917,131585,Manual,2024-12-07
430,3 Touring,2021,52736,69754,Manual,2024-08-15
431,Civic,2017,57990,97592,Automática,2024-05-21
432,3 Touring,2012,92551,104543,Automática,2024-01-09
433,Civic,2020,88161,53169,Manual,2024-07-08
434,Corolla,2013,109623,64745,Manual,2024-12-15
435,208,2016,52440,120168,Automática,2024-06-13
436,Civic,2020,65205,123985,Automática,2024-05-18
437,Gol,2015,110811,15543,Manual,2024-10-02
438,Civic,2022,85103,31067,Automática,2024-10-17
439,Stepway,2014,100812,61033,Manual,2024-02-22
440,Corolla,2018,71627,55256,Manual,2024-06-23
441,Gol,2017,49008,96803,Automática,2024-04-19
442,Versa,2019,101274,128843,Manual,2024-07-21
443,Gol,2014,62402,38992,Manual,2024-05-15
444,Stepway,2016,83384,58803,Manual,2024-01-04
445,208,2021,35793,119975,Automática,2024-06-03
446,Corolla,2015,35571,36270,Automática,2024-06-20
447,Versa,2015,46209,146269,Manual,2024-12-23
448,Stepway,2015,73148,17452,Manual,2024-02-16
449,Stepway,2021,32224,51486,Manual,2024-04-03
450,Picanto,2019,78695,24859,Manual,2024-02-17
451,Corolla,2017,62441,42083,Manual,2024-08-27
452,Gol,2014,69129,77708,Automática,2024-12-12
453,3 Touring,2021,92368,121462,Manual,2024-07-31
454,208,2016,74760,103076,Manual,2024-12-05
455,3 Touring,2017,53478,29053,Manual,2024-11-19
456,Gol,2016,101854,99745,Manual,2024-05-18
457,Gol,2017,115716,79517,Automática,2024-07-23
458,Corolla,2019,42180,146319,Manual,2024-03-13
459,Gol,2018,45372,147207,Manual,2024-01-04
460,Picanto,2016,59796,146645,Manual,2024-03-16
461,Versa,2021,88272,89267,Manual,2024-11-24
462,Gol,2017,119963,148261,Manual,2024-03-17
463,3 Touring,2015,84040,90077,Manual,2024-10-30
464,Gol,2020,105357,86623,Manual,2024-09-12
465,Picanto,2015,101368,141004,Manual,2024-04-11
466,Civic,2012,108356,63687,Manual,2024-04-15
467,Civic,2018,46211,78312,Manual,2024-11-28
468,Stepway,2018,35842,117615,Automática,2024-02-08
469,208,2015,93115,140976,Manual,2024-11-09
470,Onix,2014,96852,37564,Manual,2024-10-01
471,Versa,2019,75968,38835,Manual,2024-03-28
472,i20,2016,47508,17697,Manual,2024-07-29
473,Stepway,2021,52005,90165,Automática,2024-03-17
474,208,2018,84575,67823,Manual,2024-03-17
475,Civic,2015,110742,19615,Automática,2024-01-28
476,3 Touring,2015,48971,146132,Manual,2024-09-01
477,i20,2019,55599,140499,Manual,2024-03-06
478,208,2019,117592,86436,Automática,2024-09-22
479,208,2013,96914,130562,Manual,2024-07-23
480,Stepway,2013,97055,81117,Manual,2024-02-27
481,i20,2014,117697,44782,Manual,2024-07-19
482,Corolla,2014,35355,88533,Automática,2024-08-12
483,Onix,2012,84120,82684,Manual,2024-05-21
484,Corolla,2014,104619,89558,Automática,2024-03-24
485,i20,2017,68342,91422,Manual,2024-05-22
486,Corolla,2019,115992,16638,Automática,2024-12-17
487,Picanto,2021,108860,47419,Manual,2024-02-02
488,Civic,2017,32257,43377,Automática,2024-05-31
489,Picanto,2016,57364,116244,Manual,2024-06-06
490,Gol,2015,54972,33382,Automática,2024-05-20
491,Corolla,2014,56654,77789,Manual,2024-09-07
492,Gol,2015,110769,120634,Manual,2024-10-29
493,3 Touring,2018,111423,141936,Manual,2024-04-21
494,Versa,2012,59320,109572,Manual,2024-05-23
495,3 Touring,2018,50808,133664,Manual,2024-07-27
496,i20,2012,82389,120674,Automática,2024-08-11
497,208,2013,64773,113533,Automática,2024-02-12
498,Civic,2015,81168,91845,Manual,2024-09-20
499,Corolla,2012,57747,79590,Automática,2024-08-31
500,Stepway,2022,106396,137775,Manual,2024-01-03
501,Versa,2022,113692,76471,Manual,2024-05-04
502,Onix,2022,87505,53298,Automática,2024-09-24
503,Onix,2020,115896,58924,Automática,2024-03-24
504,Onix,2017,48135,19726,Automática,2024-01-16
505,Corolla,2012,77377,50542,Manual,2024-11-29
506,Onix,2012,53554,44753,Automática,2024-02-28
507,Picanto,2017,92491,89788,Manual,2024-06-25
508,Versa,2015,85621,31316,Manual,2024-03-03
509,Picanto,2015,88283,94698,Manual,2024-02-18
510,208,2022,115140,25960,Automática,2024-11-02
511,Versa,2017,46923,40791,Automática,2024-09-02
512,Picanto,2022,77591,35216,Automática,2024-10-15
513,Versa,2018,92261,74427,Manual,2024-10-12
514,208,2020,84336,122470,Manual,2024-11-27
515,Gol,2021,104083,83290,Manual,2024-01-15
516,Corolla,2016,90948,57014,Manual,2024-12-03
517,Corolla,2020,63002,145150,Manual,2024-09-11
518,Onix,2015,110098,60519,Automática,2024-04-01
519,3 Touring,2021,103016,14042,Manual,2024-10-05
520,Onix,2013,56672,59052,Manual,2024-07-24
521,i20,2014,34213,24389,Manual,2024-04-03
522,Picanto,2022,40293,105961,Manual,2024-08-12
523,Versa,2012,85860,78111,Manual,2024-10-27
524,3 Touring,2017,92507,115058,Automática,2024-11-13
525,208,2017,87134,103715,Automática,2024-07-17
526,i20,2012,32100,60733,Automática,2024-09-27
527,208,2022,91997,44754,Manual,2024-08-21
528,Corolla,2014,58172,95886,Manual,2024-02-15
529,Corolla,2016,50132,99524,Manual,2024-03-04
530,Onix,2014,48199,91006,Automática,2024-08-17
531,Picanto,2021,66609,34704,Automática,2024-09-05
532,3 Touring,2014,72965,104913,Manual,2024-09-02
533,Civic,2021,38016,104108,Manual,2024-03-15
534,i20,2014,69779,17493,Manual,2024-06-05
535,i20,2016,61881,79639,Automática,2024-08-10
536,Onix,2016,112594,64383,Automática,2024-07-08
537,Corolla,2015,54472,144066,Manual,2024-02-21
538,Onix,2012,81813,57234,Manual,2024-03-28
539,Versa,2016,66021,138674,Manual,2024-11-08
540,3 Touring,2021,84131,15594,Manual,2024-12-04
541,Picanto,2016,54087,17371,Manual,2024-03-06
542,Gol,2015,42828,57315,Manual,2024-05-29
543,Stepway,2017,91610,137251,Automática,2024-01-20
544,Stepway,2021,31401,89526,Automática,2024-02-02
545,Onix,2015,115179,96005,Manual,2024-11-23
546,Versa,2018,45193,115573,Automática,2024-10-07
547,3 Touring,2018,74864,148202,Manual,2024-02-15
548,Civic,2013,50307,147900,Manual,2024-03-13
549,Stepway,2014,49611,67514,Manual,2024-12-19
550,3 Touring,2012,73791,85986,Manual,2024-11-08
551,Picanto,2019,41950,95959,Manual,2024-12-08
552,208,2020,106240,12035,Manual,2024-05-12
553,Versa,2015,107403,119767,Manual,2024-02-24
554,Corolla,2017,32745,27241,Automática,2024-03-01
555,3 Touring,2020,85243,62975,Manual,2024-12-10
556,Picanto,2017,33866,66396,Manual,2024-01-08
557,Civic,2020,62245,128920,Manual,2024-09-28
558,Gol,2015,74724,96226,Automática,2024-09-02
559,Corolla,2019,101354,94719,Manual,2024-06-24
560,Gol,2020,81374,73014,Automática,2024-04-25
561,Civic,2015,60116,49346,Manual,2024-11-12
562,Picanto,2016,111029,80411,Manual,2024-09-27
563,Stepway,2019,50447,86441,Manual,2024-07-11
564,Gol,2021,60431,56121,Manual,2024-05-29
565,Corolla,2017,47908,70197,Manual,2024-05-10
566,Onix,2018,59336,94577,Manual,2024-04-11
567,i20,2014,70992,104634,Manual,2024-11-05
568,3 Touring,2018,85350,110211,Manual,2024-09-26
569,Stepway,2019,99561,145909,Manual,2024-10-18
570,Gol,2021,81955,11466,Automática,2024-07-28
571,208,2017,91240,40771,Manual,2024-12-26
572,3 Touring,2021,50093,93886,Automática,2024-12-03
573,Onix,2020,36155,75911,Automática,2024-03-07
574,Civic,2017,76607,98422,Manual,2024-01-10
575,i20,2020,63487,83369,Manual,2024-02-18
576,Picanto,2015,85668,11893,Manual,2024-04-20
577,Onix,2019,50963,40573,Automática,2024-11-16
578,Onix,2022,80124,106907,Automática,2024-08-06
579,Civic,2015,82870,109956,Automática,2024-02-26
580,Versa,2013,86547,128580,Automática,2024-10-09
581,Civic,2021,94110,101404,Automática,2024-04-22
582,Versa,2022,83554,67724,Manual,2024-05-12
583,Versa,2020,50936,96133,Manual,2024-03-11
584,Stepway,2016,34426,25989,Automática,2024-03-23
585,Stepway,2015,118839,38931,Manual,2024-02-26
586,Corolla,2013,57606,19290,Manual,2024-12-14
587,Gol,2012,77832,131136,Automática,2024-09-27
588,Gol,2022,58151,89878,Manual,2024-04-20
589,Picanto,2018,109303,100477,Automática,2024-12-22
590,Gol,2017,41308,136299,Automática,2024-03-16
591,Stepway,2013,92522,115686,Manual,2024-06-06
592,Corolla,2019,75671,117286,Automática,2024-01-20
593,Corolla,2022,32204,50475,Manual,2024-05-10
594,Versa,2015,117265,92666,Manual,2024-11-24
595,Civic,2019,61131,106622,Manual,2024-05-01
596,Picanto,2018,82428,145705,Manual,2024-02-10
597,Versa,2016,63870,117573,Manual,2024-06-15
598,Civic,2021,79067,56546,Manual,2024-05-09
599,Gol,2021,88585,17008,Manual,2024-01-23
600,Versa,2019,51607,58291,Manual,2024-10-05
601,3 Touring,2020,54968,46386,Automática,2024-09-07
602,Gol,2016,41908,100909,Automática,2024-01-09
603,Civic,2021,56423,43040,Manual,2024-01-13
604,Picanto,2016,104707,70354,Manual,2024-11-02
605,Civic,2013,108257,88543,Manual,2024-11-15
606,Versa,2016,91215,28157,Manual,2024-02-21
607,Versa,2014,85835,45315,Automática,2024-07-27
608,Onix,2018,79429,45932,Automática,2024-02-07
609,Picanto,2021,112152,123880,Manual,2024-04-09
610,208,2016,68458,142018,Manual,2024-07-11
611,Gol,2019,76169,24693,Manual,2024-07-09
612,Corolla,2012,37659,37241,Automática,2024-02-20
613,Picanto,2014,90614,125194,Manual,2024-05-20
614,Corolla,2014,107240,105790,Automática,2024-06-16
615,Picanto,2020,62793,82255,Automática,2024-11-06
616,Picanto,2016,76473,21350,Manual,2024-04-18
617,Civic,2020,119388,66809,Manual,2024-07-25
618,Picanto,2020,118330,111894,Automática,2024-10-26
619,Onix,2012,85751,107557,Manual,2024-04-19
620,208,2013,108915,41728,Manual,2024-07-14
621,Versa,2016,84254,27576,Manual,2024-05-31
622,i20,2015,37006,93384,Automática,2024-08-30
623,Corolla,2021,104218,10390,Automática,2024-05-07
624,Versa,2020,95344,55436,Automática,2024-04-14
625,i20,2018,63840,21569,Automática,2024-01-10
626,208,2017,62430,32490,Automática,2024-12-21
627,208,2018,53091,55875,Automática,2024-05-27
628,Corolla,2012,62983,15867,Manual,2024-12-30
629,Corolla,2012,53989,90820,Manual,2024-12-29
630,208,2019,105451,109515,Automática,2024-05-19
631,i20,2013,48990,19121,Automática,2024-07-08
632,Picanto,2021,110360,11539,Automática,2024-04-03
633,Gol,2022,66081,137402,Manual,2024-08-16
634,3 Touring,2020,41033,84229,Automática,2024-03-03
635,Versa,2018,46241,149993,Automática,2024-12-05
636,Civic,2017,35939,60435,Manual,2024-01-25
637,Versa,2012,77562,73965,Manual,2024-09-24
638,Civic,2012,65063,121048,Manual,2024-10-07
639,i20,2013,106721,106444,Manual,2024-01-11
640,Civic,2017,57045,79922,Manual,2024-11-15
641,Corolla,2017,74769,107799,Manual,2024-07-19
642,Gol,2013,77118,103948,Manual,2024-05-05
643,Gol,2012,114703,18947,Automática,2024-11-01
644,Corolla,2021,51625,58785,Automática,2024-07-08
645,Onix,2016,57076,129963,Automática,2024-03-29
646,i20,2016,94805,10507,Manual,2024-12-20
647,Onix,2013,74605,21618,Manual,2024-04-25
648,Onix,2017,114565,84286,Automática,2024-12-17
649,Versa,2020,118509,26122,Manual,2024-06-25
650,208,2013,69121,148426,Automática,2024-01-14
651,Versa,2021,95101,119598,Automática,2024-09-13
652,208,2013,61433,96436,Manual,2024-07-27
653,3 Touring,2014,73309,146109,Automática,2024-10-07
654,Civic,2018,97468,38633,Manual,2024-11-23
655,208,2017,74254,34495,Manual,2024-11-20
656,Corolla,2019,97293,74550,Automática,2024-04-14
657,Versa,2019,67853,46483,Manual,2024-05-26
658,i20,2017,68405,123181,Automática,2024-10-05
659,Civic,2022,96652,44069,Manual,2024-01-09
660,3 Touring,2021,73527,148442,Manual,2024-04-27
661,208,2014,107227,129873,Manual,2024-04-03
662,3 Touring,2014,30492,126843,Automática,2024-05-23
663,i20,2012,38811,81947,Manual,2024-10-15
664,Onix,2018,54272,105761,Manual,2024-01-14
665,Gol,2016,102010,123753,Automática,2024-09-13
666,i20,2015,77153,141764,Manual,2024-12-11
667,Stepway,2021,84110,38926,Automática,2024-07-04
668,i20,2015,43979,109782,Manual,2024-12-10
669,3 Touring,2015,58328,114700,Automática,2024-07-25
670,Corolla,2017,42867,83984,Automática,2024-12-11
671,Versa,2019,89234,59593,Manual,2024-06-20
672,Corolla,2019,55851,85609,Manual,2024-09-26
673,3 Touring,2016,61279,15209,Automática,2024-08-08
674,Versa,2017,103402,136700,Manual,2024-05-31
675,Stepway,2015,45449,147605,Automática,2024-04-20
676,Gol,2022,106221,96597,Manual,2024-07-01
677,Civic,2020,119080,17211,Manual,2024-12-04
678,3 Touring,2019,35451,19927,Manual,2024-03-12
679,208,2021,117178,127333,Automática,2024-10-09
680,3 Touring,2021,71316,86382,Manual,2024-03-14
681,3 Touring,2012,93064,149005,Automática,2024-12-20
682,Versa,2013,93761,113780,Automática,2024-08-02
683,Picanto,2020,68870,50696,Manual,2024-11-23
684,i20,2019,60873,77616,Manual,2024-01-23
685,Picanto,2014,88627,147161,Automática,2024-03-08
686,Stepway,2019,96155,148869,Manual,2024-12-27
687,208,2012,55372,60013,Automática,2024-04-02
688,Gol,2021,33642,149418,Manual,2024-11-16
689,Onix,2015,58001,59556,Manual,2024-11-19
690,Stepway,2014,64064,133723,Automática,2024-03-03
691,Onix,2017,44122,36140,Manual,2024-08-11
692,Onix,2018,54820,11184,Manual,2024-08-12
693,Gol,2015,98431,121361,Manual,2024-12-11
694,Corolla,2018,85745,15606,Manual,2024-12-02
695,Picanto,2020,80081,145028,Manual,2024-04-12
696,3 Touring,2022,100902,26555,Automática,2024-08-02
697,Civic,2013,38711,100385,Manual,2024-07-10
698,Onix,2022,115132,68502,Manual,2024-06-08
699,208,2014,48793,113844,Automática,2024-07-25
700,Stepway,2016,38199,101321,Manual,2024-09-25
701,Corolla,2014,106253,59056,Manual,2024-07-12
702,Onix,2022,66191,108234,Automática,2024-05-31
703,Corolla,2019,40211,51850,Automática,2024-08-24
704,Corolla,2021,93069,37843,Manual,2024-03-28
705,Onix,2019,118896,72320,Automática,2024-01-11
706,Versa,2019,86746,39793,Manual,2024-07-05
707,i20,2020,51542,29627,Automática,2024-08-01
708,208,2015,61312,71822,Manual,2024-01-15
709,3 Touring,2016,75242,65798,Manual,2024-09-22
710,3 Touring,2016,117893,85318,Manual,2024-10-23
711,208,2019,85388,114186,Manual,2024-03-13
712,Versa,2018,57691,97902,Manual,2024-02-21
713,3 Touring,2020,107960,81334,Automática,2024-05-07
714,Corolla,2019,114388,116719,Manual,2024-01-28
715,Gol,2013,52601,133099,Manual,2024-03-05
716,Stepway,2021,48020,22720,Manual,2024-01-17
717,Picanto,2015,38155,67608,Manual,2024-12-16
718,3 Touring,2017,99119,117449,Automática,2024-05-17
719,208,2013,111051,112828,Manual,2024-11-14
720,Gol,2018,66777,136613,Manual,2024-08-16
721,Onix,2014,49710,82095,Manual,2024-09-10
722,i20,2014,54532,115924,Automática,2024-07-28
723,208,2022,48601,106452,Manual,2024-10-20
724,Corolla,2013,93227,97593,Manual,2024-08-18
725,i20,2022,34967,116975,Manual,2024-08-28
726,Stepway,2019,114289,87242,Manual,2024-03-10
727,Stepway,2017,50022,126041,Manual,2024-04-13
728,Versa,2012,73463,136202,Automática,2024-07-22
729,Civic,2012,104671,87606,Automática,2024-02-22
730,Versa,2018,35722,133769,Automática,2024-11-25
731,Gol,2019,57413,128542,Manual,2024-02-23
732,i20,2016,111050,116438,Manual,2024-10-02
733,Civic,2022,115867,10924,Manual,2024-11-30
734,Onix,2016,113596,61322,Automática,2024-01-31
735,Corolla,2015,96732,81042,Manual,2024-05-14
736,i20,2017,42297,56418,Automática,2024-02-27
737,Versa,2017,98323,110699,Manual,2024-04-14
738,Picanto,2014,53816,100140,Manual,2024-09-22
739,Civic,2020,70695,21781,Manual,2024-01-10
740,Civic,2022,49702,146587,Manual,2024-09-09
741,Corolla,2018,55242,127358,Automática,2024-10-21
742,3 Touring,2012,85841,46133,Automática,2024-06-04
743,Stepway,2018,97712,107628,Manual,2024-06-06
744,Stepway,2016,115663,86946,Manual,2024-02-06
745,Picanto,2016,83574,95058,Automática,2024-04-28
746,Gol,2013,115744,53129,Automática,2024-03-07
747,Gol,2015,58482,18531,Manual,2024-08-29
748,Onix,2017,39171,47038,Manual,2024-10-25
749,i20,2021,33696,97939,Manual,2024-07-31
750,208,2022,50058,52674,Manual,2024-11-03
751,3 Touring,2018,50313,137572,Manual,2024-04-10
752,Versa,2022,49149,39831,Manual,2024-02-25
753,208,2016,83521,67174,Manual,2024-11-27
754,208,2020,75740,21279,Manual,2024-11-19
755,Civic,2014,34956,70610,Manual,2024-08-26
756,Picanto,2012,105731,63051,Automática,2024-08-18
757,Stepway,2015,112612,66652,Automática,2024-12-27
758,Onix,2020,96641,75524,Manual,2024-04-01
759,Gol,2015,93811,16470,Automática,2024-10-05
760,Picanto,2013,82160,63473,Automática,2024-04-18
761,Civic,2021,81313,54439,Manual,2024-11-12
762,Versa,2016,93232,24308,Manual,2024-06-16
763,Onix,2014,45417,101563,Automática,2024-10-26
764,Civic,2020,54729,45081,Automática,2024-08-05
765,Stepway,2015,60099,19837,Automática,2024-08-09
766,Stepway,2017,59961,128128,Automática,2024-06-09
767,Stepway,2013,42602,122651,Automática,2024-01-16
768,Picanto,2017,39256,107624,Manual,2024-10-04
769,Picanto,2014,116120,40063,Manual,2024-02-26
770,Gol,2020,64681,79453,Manual,2024-03-02
771,Gol,2022,117440,112166,Manual,2024-12-28
772,Versa,2013,94789,24506,Automática,2024-11-22
773,Onix,2020,73361,123604,Manual,2024-08-29
774,Corolla,2016,94503,36026,Automática,2024-03-30
775,Corolla,2019,64540,62413,Manual,2024-03-12
776,Civic,2013,56536,75066,Manual,2024-11-21
777,Stepway,2017,114700,60971,Manual,2024-01-30
778,Onix,2014,93043,123978,Manual,2024-12-24
779,208,2021,108532,60494,Automática,2024-10-14
780,Picanto,2016,86575,113864,Automática,2024-03-26
781,i20,2019,32871,142151,Automática,2024-08-21
782,3 Touring,2021,76002,105386,Manual,2024-08-22
783,Versa,2012,79812,96126,Manual,2024-11-08
784,Stepway,2016,52626,90863,Manual,2024-12-30
785,Stepway,2014,89979,88291,Manual,2024-09-21
786,Stepway,2015,106057,135659,Automática,2024-10-13
787,Picanto,2013,96668,17235,Automática,2024-11-22
788,Picanto,2020,110070,92733,Automática,2024-09-25
789,3 Touring,2014,119390,72712,Manual,2024-07-04
790,208,2013,72998,135849,Automática,2024-05-10
791,Onix,2021,93814,89823,Manual,2024-10-17
792,Stepway,2022,75607,114215,Automática,2024-10-03
793,Corolla,2020,37812,42230,Manual,2024-11-15
794,Gol,2018,91844,94573,Manual,2024-12-16
795,Corolla,2017,100093,50644,Manual,2024-06-28
796,Civic,2012,32179,55203,Automática,2024-10-16
797,Corolla,2016,73798,76677,Manual,2024-06-11
798,Civic,2022,104601,133246,Manual,2024-09-27
799,i20,2022,38275,94817,Automática,2024-04-05
800,Gol,2014,80574,79806,Manual,2024-09-18
801,Corolla,2012,77857,52814,Manual,2024-12-30
802,i20,2015,50700,80219,Manual,2024-12-18
803,Versa,2013,69464,105345,Manual,2024-10-14
804,Onix,2013,72351,110088,Automática,2024-03-23
805,i20,2014,112534,79322,Automática,2024-08-12
806,Onix,2019,43869,31650,Manual,2024-08-10
807,Corolla,2019,90315,104242,Automática,2024-04-27
808,208,2018,50954,48196,Manual,2024-07-10
809,i20,2017,61555,39709,Manual,2024-03-19
810,Gol,2020,93353,90428,Manual,2024-03-18
811,Corolla,2015,112190,19943,Manual,2024-05-26
812,Stepway,2012,75026,31042,Manual,2024-04-16
813,Picanto,2019,76976,53894,Automática,2024-09-27
814,i20,2018,110578,147941,Automática,2024-08-31
815,Gol,2018,75095,66759,Manual,2024-03-13
816,Versa,2014,44270,115973,Manual,2024-12-22
817,Stepway,2015,60908,54306,Automática,2024-12-19
818,Versa,2021,45523,118369,Automática,2024-01-26
819,Corolla,2020,92433,38379,Automática,2024-07-28
820,Picanto,2017,77068,130667,Manual,2024-04-01
821,i20,2016,49991,144034,Automática,2024-05-04
822,i20,2014,40775,127626,Manual,2024-03-13
823,208,2020,107801,135180,Manual,2024-05-02
824,208,2016,114995,62349,Manual,2024-11-04
825,Corolla,2016,91250,15730,Manual,2024-07-02
826,Corolla,2015,46673,29023,Manual,2024-07-05
827,Picanto,2015,57056,136796,Manual,2024-07-16
828,208,2012,36614,91533,Manual,2024-03-18
829,Gol,2018,37415,93286,Automática,2024-12-13
830,Gol,2020,118691,51979,Manual,2024-07-04
831,Picanto,2014,73884,32837,Manual,2024-12-09
832,Gol,2013,46964,114975,Manual,2024-09-09
833,Civic,2014,67726,30923,Automática,2024-01-13
834,Onix,2012,67044,18876,Manual,2024-10-25
835,Picanto,2017,87149,70973,Manual,2024-03-16
836,Picanto,2022,67544,143959,Manual,2024-02-20
837,3 Touring,2022,79976,52422,Automática,2024-10-01
838,Stepway,2018,62252,61413,Automática,2024-05-28
839,Stepway,2022,33832,112484,Manual,2024-08-06
840,Civic,2022,110437,143913,Manual,2024-05-01
841,208,2013,64148,38756,Automática,2024-07-29
842,Corolla,2019,91240,81576,Manual,2024-10-06
843,Corolla,2017,118454,128248,Automática,2024-01-26
844,Versa,2015,115076,20304,Manual,2024-06-21
845,Civic,2016,107116,40341,Manual,2024-06-04
846,Picanto,2019,83459,145830,Manual,2024-08-25
847,Civic,2014,68402,137039,Manual,2024-03-22
848,Civic,2014,87727,142447,Automática,2024-12-21
849,Civic,2022,68578,109485,Automática,2024-09-29
850,Stepway,2015,52318,32092,Manual,2024-03-08
851,Civic,2012,105715,141562,Automática,2024-02-13
852,Onix,2020,107787,13729,Manual,2024-03-01
853,Corolla,2019,115029,147046,Manual,2024-05-02
854,Versa,2019,50466,128222,Manual,2024-12-14
855,Onix,2021,75475,95216,Automática,2024-07-14
856,Versa,2017,90142,93860,Automática,2024-11-25
857,3 Touring,2018,115160,106870,Automática,2024-11-18
858,Versa,2017,56564,31398,Automática,2024-04-20
859,Corolla,2020,52412,44650,Automática,2024-09-14
860,Corolla,2014,81001,113889,Automática,2024-03-29
861,Civic,2014,87649,13159,Automática,2024-07-16
862,i20,2014,90957,108162,Automática,2024-10-08
863,3 Touring,2021,65517,112834,Manual,2024-07-18
864,Picanto,2014,43156,31638,Manual,2024-04-08
865,Gol,2020,53064,11073,Manual,2024-01-27
866,Versa,2015,55711,39320,Manual,2024-03-29
867,i20,2018,60106,44924,Manual,2024-05-25
868,Civic,2020,95458,78116,Manual,2024-06-30
869,Stepway,2022,46589,12159,Automática,2024-09-13
870,Picanto,2018,119272,58940,Manual,2024-07-07
871,208,2020,116511,89436,Manual,2024-08-27
872,i20,2014,37214,24678,Manual,2024-12-24
873,Stepway,2015,115731,147844,Automática,2024-07-14
874,3 Touring,2019,57127,77163,Manual,2024-10-23
875,Civic,2017,35141,61137,Manual,2024-06-13
876,Picanto,2016,58884,71497,Automática,2024-11-02
877,Picanto,2015,32708,110485,Automática,2024-09-27
878,Picanto,2019,48375,115468,Manual,2024-01-08
879,3 Touring,2012,45088,10901,Manual,2024-02-07
880,Versa,2020,87615,97980,Manual,2024-04-23
881,208,2012,75046,117594,Automática,2024-12-04
882,3 Touring,2019,40014,12881,Manual,2024-02-25
883,Gol,2015,94425,39863,Manual,2024-12-24
884,208,2020,33273,146694,Manual,2024-05-17
885,Corolla,2022,77135,142450,Manual,2024-04-11
886,Civic,2016,60881,55201,Automática,2024-11-29
887,3 Touring,2014,108077,69251,Manual,2024-06-25
888,Stepway,2020,38712,82572,Manual,2024-06-17
889,208,2022,104704,49255,Manual,2024-12-04
890,Gol,2020,82874,73212,Manual,2024-10-12
891,Corolla,2015,99087,60210,Manual,2024-09-17
892,Versa,2022,42297,135629,Automática,2024-08-10
893,Stepway,2015,57128,32499,Automática,2024-07-17
894,208,2019,98368,112552,Automática,2024-07-29
895,Civic,2013,117599,71360,Automática,2024-10-13
896,Stepway,2020,118499,145675,Automática,2024-06-28
897,Corolla,2017,108958,137466,Manual,2024-09-06
898,Stepway,2020,62920,95473,Automática,2024-08-18
899,Onix,2019,41156,101873,Automática,2024-01-23
900,i20,2018,41108,75756,Automática,2024-02-17
901,Versa,2012,61845,66344,Manual,2024-04-18
902,Corolla,2014,32800,148421,Manual,2024-10-22
903,Stepway,2022,72712,81154,Automática,2024-01-06
904,i20,2013,32610,37464,Automática,2024-02-07
905,i20,2016,107603,131897,Automática,2024-06-17
906,Stepway,2016,63872,47344,Manual,2024-12-21
907,Civic,2016,40728,93791,Manual,2024-10-09
908,Onix,2015,50583,142534,Manual,2024-07-21
909,3 Touring,2016,115774,130209,Automática,2024-11-20
910,Onix,2014,37263,91441,Manual,2024-11-08
911,Stepway,2012,97450,100456,Manual,2024-09-29
912,Versa,2016,119285,91788,Automática,2024-08-31
913,3 Touring,2020,49456,24175,Manual,2024-11-22
914,Corolla,2020,95942,147263,Automática,2024-02-16
915,Onix,2015,43689,93434,Manual,2024-09-05
916,Stepway,2014,62934,94518,Automática,2024-03-19
917,Onix,2012,63276,76537,Manual,2024-04-19
918,3 Touring,2013,49873,125721,Automática,2024-01-13
919,Gol,2019,43050,57645,Automática,2024-12-30
920,208,2012,96216,33283,Manual,2024-03-30
921,Onix,2019,114444,96971,Manual,2024-12-07
922,Corolla,2018,114040,102759,Manual,2024-12-13
923,Corolla,2019,51644,112780,Automática,2024-10-06
924,Picanto,2017,92021,40734,Automática,2024-08-08
925,Onix,2020,67125,10515,Manual,2024-03-13
926,208,2014,96899,120782,Automática,2024-08-21
927,Civic,2021,72291,76727,Manual,2024-09-16
928,i20,2015,65060,119164,Automática,2024-04-22
929,208,2017,31538,56216,Automática,2024-02-15
930,i20,2019,66176,81833,Manual,2024-09-30
931,i20,2016,71520,68755,Manual,2024-02-12
932,Gol,2014,55675,37856,Manual,2024-07-26
933,Picanto,2017,48287,83870,Manual,2024-12-14
934,208,2015,30174,147080,Manual,2024-04-12
935,208,2020,64998,17987,Manual,2024-05-03
936,Gol,2014,83312,106502,Manual,2024-01-10
937,Onix,2015,42112,144404,Manual,2024-11-24
938,Onix,2018,105225,76323,Manual,2024-07-05
939,Onix,2018,74814,19873,Manual,2024-01-31
940,Versa,2015,115091,115219,Manual,2024-06-04
941,i20,2017,80719,15033,Automática,2024-02-29
942,Versa,2014,63919,83324,Automática,2024-09-05
943,Picanto,2017,103155,25689,Manual,2024-09-26
944,Gol,2013,101569,119756,Manual,2024-08-04
945,208,2019,71328,10066,Automática,2024-01-02
946,i20,2013,100482,124159,Automática,2024-01-24
947,Versa,2022,54618,17533,Manual,2024-07-24
948,Versa,2018,64675,125828,Manual,2024-11-15
949,Stepway,2020,48919,69658,Manual,2024-07-17
950,Versa,2012,34173,48498,Manual,2024-12-21
951,Civic,2019,56400,119028,Manual,2024-04-23
952,208,2018,80445,21772,Manual,2024-10-06
953,Civic,2017,100305,99385,Automática,2024-06-03
954,208,2017,67564,22940,Manual,2024-06-13
955,Gol,2017,75814,128027,Manual,2024-08-09
956,208,2020,109747,26932,Manual,2024-03-31
957,Civic,2013,118791,34648,Manual,2024-06-15
958,208,2012,57962,42966,Manual,2024-07-25
959,Gol,2017,114892,52598,Manual,2024-10-08
960,Gol,2021,115842,71084,Automática,2024-03-05
961,Picanto,2022,100533,141250,Manual,2024-01-04
962,208,2019,86184,27118,Automática,2024-06-05
963,Stepway,2014,112912,32616,Automática,2024-09-05
964,Onix,2021,40578,141870,Manual,2024-09-13
965,Corolla,2012,48624,17601,Manual,2024-08-22
966,Gol,2020,69194,35363,Manual,2024-11-01
967,3 Touring,2012,30389,12795,Automática,2024-12-31
968,Onix,2014,97391,107462,Automática,2024-03-14
969,i20,2019,43794,112892,Automática,2024-07-05
970,208,2014,88002,82833,Manual,2024-03-02
971,Civic,2015,65531,13084,Automática,2024-12-02
972,Corolla,2019,82815,105865,Manual,2024-06-12
973,3 Touring,2012,34986,10731,Manual,2024-02-25
974,Onix,2017,62298,142201,Manual,2024-04-20
975,208,2012,31481,11605,Manual,2024-08-05
976,Picanto,2012,86408,87506,Automática,2024-08-27
977,i20,2019,99267,54130,Manual,2024-01-21
978,Corolla,2022,46835,78469,Manual,2024-05-20
979,Stepway,2015,57798,100436,Manual,2024-09-21
980,Picanto,2012,94887,122341,Automática,2024-05-18
981,3 Touring,2021,49477,141965,Automática,2024-03-10
982,Corolla,2018,47266,109694,Manual,2024-04-27
983,Picanto,2016,116328,29773,Manual,2024-07-16
984,i20,2016,115988,14239,Manual,2024-07-23
985,Stepway,2012,73526,30863,Automática,2024-08-01
986,Picanto,2021,41889,61415,Manual,2024-02-25
987,Versa,2022,54335,78968,Manual,2024-10-13
988,Stepway,2017,41254,70430,Manual,2024-10-19
989,3 Touring,2020,116610,11515,Manual,2024-06-23
990,i20,2020,41442,107206,Automática,2024-12-12
991,208,2019,76289,66240,Manual,2024-05-07
992,Civic,2016,83747,15586,Manual,2024-11-20
993,Civic,2012,67327,130419,Manual,2024-10-18
994,Civic,2020,46199,132374,Manual,2024-10-14
995,Corolla,2012,102827,41186,Automática,2024-08-13
996,3 Touring,2019,30112,36928,Manual,2024-03-04
997,i20,2016,117051,132990,Automática,2024-02-17
998,Stepway,2014,49581,97029,Automática,2024-07-20
999,Corolla,2022,89722,30711,Manual,2024-12-02
1000,3 Touring,2018,46523,64962,Manual,2024-02-29
